{"red":165.3314490685096,"green":27.086566631610577,"blue":0,"alpha":129.5743122506649}